10010,Nora,M,cxz123456,500.0,2000.0
10010,Nora,M,cxz123456,500.0,2000.0
30030,Test,User,Test123456,0.0,0.0
10010,Nora,M,cxz123456,500.0,2000.0
10010,Nora,M,cxz123456,500.0,2000.0
10010,Nora,M,cxz123456,500.0,2000.0
10010,Nora,M,cxz123456,500.0,2000.0
10010,Nora,M,cxz123456,500.0,2000.0
10010,Nora,M,cxz123456,500.0,2000.0
10010,Nora,M,cxz123456,500.0,2000.0
10010,Nora,M,cxz123456,500.0,2000.0
10010,Nora,M,cxz123456,500.0,2000.0
10010,Nora,M,cxz123456,500.0,2000.0
10010,Nora,M,cxz123456,500.0,2000.0
10010,Nora,M,cxz123456,500.0,2000.0
10010,Nora,M,cxz123456,500.0,2000.0
10010,Nora,M,cxz123456,500.0,2000.0
10010,Nora,M,cxz123456,500.0,2000.0
90090,Tst,us,pass1234,100,20.9
